vessel_capacity,port_stay_bunker_consumption,idling_bunker_consumption,pilot_inout_bunker_consumption
2500,0.32,0.0,1.2
2510,0.32,0.0,1.2
2520,0.32,0.0,1.2
2530,0.32,0.0,1.2
2540,0.32,0.0,1.2
2550,0.32,0.0,1.2
2560,0.32,0.0,1.2
2570,0.32,0.0,1.2
2580,0.32,0.0,1.2
2590,0.32,0.0,1.2
2600,0.32,0.0,1.2
2610,0.32,0.0,1.2
2620,0.32,0.0,1.2
2630,0.32,0.0,1.2
2640,0.32,0.0,1.2
2650,0.32,0.0,1.2
2660,0.32,0.0,1.2
2670,0.32,0.0,1.2
2680,0.32,0.0,1.2
2690,0.32,0.0,1.2
2700,0.32,0.0,1.2
2710,0.32,0.0,1.2
2720,0.32,0.0,1.2
2730,0.32,0.0,1.2
2740,0.32,0.0,1.2
2750,0.32,0.0,1.2
2760,0.32,0.0,1.2
2770,0.32,0.0,1.2
2780,0.32,0.0,1.2
2790,0.32,0.0,1.2
2800,0.32,0.0,1.2
2810,0.32,0.0,1.2
2820,0.32,0.0,1.2
2830,0.32,0.0,1.2
2840,0.32,0.0,1.2
2850,0.32,0.0,1.2
2860,0.32,0.0,1.2
2870,0.32,0.0,1.2
2880,0.32,0.0,1.2
2890,0.32,0.0,1.2
2900,0.32,0.0,1.2
2910,0.32,0.0,1.2
2920,0.32,0.0,1.2
2930,0.32,0.0,1.2
2940,0.32,0.0,1.2
2950,0.32,0.0,1.2
2960,0.32,0.0,1.2
2970,0.32,0.0,1.2
2980,0.32,0.0,1.2
2990,0.32,0.0,1.2
3000,0.32,0.0,1.2
3010,0.32,0.0,1.2
3020,0.32,0.0,1.2
3030,0.32,0.0,1.2
3040,0.32,0.0,1.2
3050,0.32,0.0,1.2
3060,0.32,0.0,1.2
3070,0.32,0.0,1.2
3080,0.32,0.0,1.2
3090,0.32,0.0,1.2
3100,0.32,0.0,1.2
3110,0.32,0.0,1.2
3120,0.32,0.0,1.2
3130,0.32,0.0,1.2
3140,0.32,0.0,1.2
3150,0.32,0.0,1.2
3160,0.32,0.0,1.2
3170,0.32,0.0,1.2
3180,0.32,0.0,1.2
3190,0.32,0.0,1.2
3200,0.32,0.0,1.2
3210,0.32,0.0,1.2
3220,0.32,0.0,1.2
3230,0.32,0.0,1.2
3240,0.32,0.0,1.2
3250,0.32,0.0,1.2
3260,0.32,0.0,1.2
3270,0.32,0.0,1.2
3280,0.32,0.0,1.2
3290,0.32,0.0,1.2
3300,0.32,0.0,1.2
3310,0.32,0.0,1.2
3320,0.32,0.0,1.2
3330,0.32,0.0,1.2
3340,0.32,0.0,1.2
3350,0.32,0.0,1.2
3360,0.32,0.0,1.2
3370,0.32,0.0,1.2
3380,0.32,0.0,1.2
3390,0.32,0.0,1.2
3400,0.32,0.0,1.2
3410,0.32,0.0,1.2
3420,0.32,0.0,1.2
3430,0.32,0.0,1.2
3440,0.32,0.0,1.2
3450,0.32,0.0,1.2
3460,0.32,0.0,1.2
3470,0.32,0.0,1.2
3480,0.32,0.0,1.2
3490,0.32,0.0,1.2
3500,0.32,0.0,1.2
3510,0.32,0.0,1.2
3520,0.32,0.0,1.2
3530,0.32,0.0,1.2
3540,0.32,0.0,1.2
3550,0.32,0.0,1.2
3560,0.32,0.0,1.2
3570,0.32,0.0,1.2
3580,0.32,0.0,1.2
3590,0.32,0.0,1.2
3600,0.32,0.0,1.2
3610,0.32,0.0,1.2
3620,0.32,0.0,1.2
3630,0.32,0.0,1.2
3640,0.32,0.0,1.2
3650,0.32,0.0,1.2
3660,0.32,0.0,1.2
3670,0.32,0.0,1.2
3680,0.32,0.0,1.2
3690,0.32,0.0,1.2
3700,0.32,0.0,1.2
3710,0.32,0.0,1.2
3720,0.32,0.0,1.2
3730,0.32,0.0,1.2
3740,0.32,0.0,1.2
3750,0.44,0.0,1.8
3760,0.44,0.0,1.8
3770,0.44,0.0,1.8
3780,0.44,0.0,1.8
3790,0.44,0.0,1.8
3800,0.44,0.0,1.8
3810,0.44,0.0,1.8
3820,0.44,0.0,1.8
3830,0.44,0.0,1.8
3840,0.44,0.0,1.8
3850,0.44,0.0,1.8
3860,0.44,0.0,1.8
3870,0.44,0.0,1.8
3880,0.44,0.0,1.8
3890,0.44,0.0,1.8
3900,0.44,0.0,1.8
3910,0.44,0.0,1.8
3920,0.44,0.0,1.8
3930,0.44,0.0,1.8
3940,0.44,0.0,1.8
3950,0.44,0.0,1.8
3960,0.44,0.0,1.8
3970,0.44,0.0,1.8
3980,0.44,0.0,1.8
3990,0.44,0.0,1.8
4000,0.44,0.0,1.8
4010,0.44,0.0,1.8
4020,0.44,0.0,1.8
4030,0.44,0.0,1.8
4040,0.44,0.0,1.8
4050,0.44,0.0,1.8
4060,0.44,0.0,1.8
4070,0.44,0.0,1.8
4080,0.44,0.0,1.8
4090,0.44,0.0,1.8
4100,0.44,0.0,1.8
4110,0.44,0.0,1.8
4120,0.44,0.0,1.8
4130,0.44,0.0,1.8
4140,0.44,0.0,1.8
4150,0.44,0.0,1.8
4160,0.44,0.0,1.8
4170,0.44,0.0,1.8
4180,0.44,0.0,1.8
4190,0.44,0.0,1.8
4200,0.44,0.0,1.8
4210,0.44,0.0,1.8
4220,0.44,0.0,1.8
4230,0.44,0.0,1.8
4240,0.44,0.0,1.8
4250,0.44,0.0,1.8
4260,0.44,0.0,1.8
4270,0.44,0.0,1.8
4280,0.44,0.0,1.8
4290,0.44,0.0,1.8
4300,0.44,0.0,1.8
4310,0.44,0.0,1.8
4320,0.44,0.0,1.8
4330,0.44,0.0,1.8
4340,0.44,0.0,1.8
4350,0.44,0.0,1.8
4360,0.44,0.0,1.8
4370,0.44,0.0,1.8
4380,0.44,0.0,1.8
4390,0.44,0.0,1.8
4400,0.44,0.0,1.8
4410,0.44,0.0,1.8
4420,0.44,0.0,1.8
4430,0.44,0.0,1.8
4440,0.44,0.0,1.8
4450,0.44,0.0,1.8
4460,0.44,0.0,1.8
4470,0.44,0.0,1.8
4480,0.44,0.0,1.8
4490,0.44,0.0,1.8
4500,0.44,0.0,1.8
4510,0.44,0.0,1.8
4520,0.44,0.0,1.8
4530,0.44,0.0,1.8
4540,0.44,0.0,1.8
4550,0.44,0.0,1.8
4560,0.44,0.0,1.8
4570,0.44,0.0,1.8
4580,0.44,0.0,1.8
4590,0.44,0.0,1.8
4600,0.44,0.0,1.8
4610,0.44,0.0,1.8
4620,0.44,0.0,1.8
4630,0.44,0.0,1.8
4640,0.44,0.0,1.8
4650,0.44,0.0,1.8
4660,0.44,0.0,1.8
4670,0.44,0.0,1.8
4680,0.44,0.0,1.8
4690,0.44,0.0,1.8
4700,0.44,0.0,1.8
4710,0.44,0.0,1.8
4720,0.44,0.0,1.8
4730,0.44,0.0,1.8
4740,0.44,0.0,1.8
4750,0.44,0.0,1.8
4760,0.44,0.0,1.8
4770,0.44,0.0,1.8
4780,0.44,0.0,1.8
4790,0.44,0.0,1.8
4800,0.44,0.0,1.8
4810,0.44,0.0,1.8
4820,0.44,0.0,1.8
4830,0.44,0.0,1.8
4840,0.44,0.0,1.8
4850,0.44,0.0,1.8
4860,0.44,0.0,1.8
4870,0.44,0.0,1.8
4880,0.44,0.0,1.8
4890,0.44,0.0,1.8
4900,0.44,0.0,1.8
4910,0.44,0.0,1.8
4920,0.44,0.0,1.8
4930,0.44,0.0,1.8
4940,0.44,0.0,1.8
4950,0.44,0.0,1.8
4960,0.44,0.0,1.8
4970,0.44,0.0,1.8
4980,0.44,0.0,1.8
4990,0.44,0.0,1.8
5000,0.44,0.0,1.8
5010,0.44,0.0,1.8
5020,0.44,0.0,1.8
5030,0.44,0.0,1.8
5040,0.44,0.0,1.8
5050,0.44,0.0,1.8
5060,0.44,0.0,1.8
5070,0.44,0.0,1.8
5080,0.44,0.0,1.8
5090,0.44,0.0,1.8
5100,0.44,0.0,1.8
5110,0.44,0.0,1.8
5120,0.44,0.0,1.8
5130,0.44,0.0,1.8
5140,0.44,0.0,1.8
5150,0.44,0.0,1.8
5160,0.44,0.0,1.8
5170,0.44,0.0,1.8
5180,0.44,0.0,1.8
5190,0.44,0.0,1.8
5200,0.44,0.0,1.8
5210,0.44,0.0,1.8
5220,0.44,0.0,1.8
5230,0.44,0.0,1.8
5240,0.44,0.0,1.8
5250,0.44,0.0,1.8
5260,0.44,0.0,1.8
5270,0.44,0.0,1.8
5280,0.44,0.0,1.8
5290,0.44,0.0,1.8
5300,0.44,0.0,1.8
5310,0.44,0.0,1.8
5320,0.44,0.0,1.8
5330,0.44,0.0,1.8
5340,0.44,0.0,1.8
5350,0.44,0.0,1.8
5360,0.44,0.0,1.8
5370,0.44,0.0,1.8
5380,0.44,0.0,1.8
5390,0.44,0.0,1.8
5400,0.49,0.0,1.9
5410,0.49,0.0,1.9
5420,0.49,0.0,1.9
5430,0.49,0.0,1.9
5440,0.49,0.0,1.9
5450,0.49,0.0,1.9
5460,0.49,0.0,1.9
5470,0.49,0.0,1.9
5480,0.49,0.0,1.9
5490,0.49,0.0,1.9
5500,0.49,0.0,1.9
5510,0.49,0.0,1.9
5520,0.49,0.0,1.9
5530,0.49,0.0,1.9
5540,0.49,0.0,1.9
5550,0.49,0.0,1.9
5560,0.49,0.0,1.9
5570,0.49,0.0,1.9
5580,0.49,0.0,1.9
5590,0.49,0.0,1.9
5600,0.49,0.0,1.9
5610,0.49,0.0,1.9
5620,0.49,0.0,1.9
5630,0.49,0.0,1.9
5640,0.49,0.0,1.9
5650,0.49,0.0,1.9
5660,0.49,0.0,1.9
5670,0.49,0.0,1.9
5680,0.49,0.0,1.9
5690,0.49,0.0,1.9
5700,0.49,0.0,1.9
5710,0.49,0.0,1.9
5720,0.49,0.0,1.9
5730,0.49,0.0,1.9
5740,0.49,0.0,1.9
5750,0.49,0.0,1.9
5760,0.49,0.0,1.9
5770,0.49,0.0,1.9
5780,0.49,0.0,1.9
5790,0.49,0.0,1.9
5800,0.49,0.0,1.9
5810,0.49,0.0,1.9
5820,0.49,0.0,1.9
5830,0.49,0.0,1.9
5840,0.49,0.0,1.9
5850,0.49,0.0,1.9
5860,0.49,0.0,1.9
5870,0.49,0.0,1.9
5880,0.49,0.0,1.9
5890,0.49,0.0,1.9
5900,0.49,0.0,1.9
5910,0.49,0.0,1.9
5920,0.49,0.0,1.9
5930,0.49,0.0,1.9
5940,0.49,0.0,1.9
5950,0.49,0.0,1.9
5960,0.49,0.0,1.9
5970,0.49,0.0,1.9
5980,0.49,0.0,1.9
5990,0.49,0.0,1.9
6000,0.49,0.0,1.9
6010,0.49,0.0,1.9
6020,0.49,0.0,1.9
6030,0.49,0.0,1.9
6040,0.49,0.0,1.9
6050,0.49,0.0,1.9
6060,0.49,0.0,1.9
6070,0.49,0.0,1.9
6080,0.49,0.0,1.9
6090,0.49,0.0,1.9
6100,0.49,0.0,1.9
6110,0.49,0.0,1.9
6120,0.49,0.0,1.9
6130,0.49,0.0,1.9
6140,0.49,0.0,1.9
6150,0.49,0.0,1.9
6160,0.49,0.0,1.9
6170,0.49,0.0,1.9
6180,0.49,0.0,1.9
6190,0.49,0.0,1.9
6200,0.49,0.0,1.9
6210,0.49,0.0,1.9
6220,0.49,0.0,1.9
6230,0.49,0.0,1.9
6240,0.49,0.0,1.9
6250,0.49,0.0,1.9
6260,0.49,0.0,1.9
6270,0.49,0.0,1.9
6280,0.49,0.0,1.9
6290,0.49,0.0,1.9
6300,0.49,0.0,1.9
6310,0.49,0.0,1.9
6320,0.49,0.0,1.9
6330,0.49,0.0,1.9
6340,0.49,0.0,1.9
6350,0.49,0.0,1.9
6360,0.49,0.0,1.9
6370,0.49,0.0,1.9
6380,0.49,0.0,1.9
6390,0.49,0.0,1.9
6400,0.49,0.0,1.9
6410,0.49,0.0,1.9
6420,0.49,0.0,1.9
6430,0.49,0.0,1.9
6440,0.49,0.0,1.9
6450,0.49,0.0,1.9
6460,0.49,0.0,1.9
6470,0.49,0.0,1.9
6480,0.49,0.0,1.9
6490,0.49,0.0,1.9
6500,0.49,0.0,1.95
6510,0.49,0.0,1.95
6520,0.49,0.0,1.95
6530,0.49,0.0,1.95
6540,0.49,0.0,1.95
6550,0.49,0.0,1.95
6560,0.49,0.0,1.95
6570,0.49,0.0,1.95
6580,0.49,0.0,1.95
6590,0.49,0.0,1.95
6600,0.49,0.0,1.95
6610,0.49,0.0,1.95
6620,0.49,0.0,1.95
6630,0.49,0.0,1.95
6640,0.49,0.0,1.95
6650,0.49,0.0,1.95
6660,0.49,0.0,1.95
6670,0.49,0.0,1.95
6680,0.49,0.0,1.95
6690,0.49,0.0,1.95
6700,0.49,0.0,1.95
6710,0.49,0.0,1.95
6720,0.49,0.0,1.95
6730,0.49,0.0,1.95
6740,0.49,0.0,1.95
6750,0.49,0.0,1.95
6760,0.49,0.0,1.95
6770,0.49,0.0,1.95
6780,0.49,0.0,1.95
6790,0.49,0.0,1.95
6800,0.49,0.0,1.95
6810,0.49,0.0,1.95
6820,0.49,0.0,1.95
6830,0.49,0.0,1.95
6840,0.49,0.0,1.95
6850,0.49,0.0,1.95
6860,0.49,0.0,1.95
6870,0.49,0.0,1.95
6880,0.49,0.0,1.95
6890,0.49,0.0,1.95
6900,0.49,0.0,1.95
6910,0.49,0.0,1.95
6920,0.49,0.0,1.95
6930,0.49,0.0,1.95
6940,0.49,0.0,1.95
6950,0.49,0.0,1.95
6960,0.49,0.0,1.95
6970,0.49,0.0,1.95
6980,0.49,0.0,1.95
6990,0.49,0.0,1.95
7000,0.49,0.0,1.95
7010,0.49,0.0,1.95
7020,0.49,0.0,1.95
7030,0.49,0.0,1.95
7040,0.49,0.0,1.95
7050,0.49,0.0,1.95
7060,0.49,0.0,1.95
7070,0.49,0.0,1.95
7080,0.49,0.0,1.95
7090,0.49,0.0,1.95
7100,0.49,0.0,1.95
7110,0.49,0.0,1.95
7120,0.49,0.0,1.95
7130,0.49,0.0,1.95
7140,0.49,0.0,1.95
7150,0.49,0.0,1.95
7160,0.49,0.0,1.95
7170,0.49,0.0,1.95
7180,0.49,0.0,1.95
7190,0.49,0.0,1.95
7200,0.49,0.0,2.07
7210,0.49,0.0,2.07
7220,0.49,0.0,2.07
7230,0.49,0.0,2.07
7240,0.49,0.0,2.07
7250,0.49,0.0,2.07
7260,0.49,0.0,2.07
7270,0.49,0.0,2.07
7280,0.49,0.0,2.07
7290,0.49,0.0,2.07
7300,0.49,0.0,2.07
7310,0.49,0.0,2.07
7320,0.49,0.0,2.07
7330,0.49,0.0,2.07
7340,0.49,0.0,2.07
7350,0.49,0.0,2.07
7360,0.49,0.0,2.07
7370,0.49,0.0,2.07
7380,0.49,0.0,2.07
7390,0.49,0.0,2.07
7400,0.49,0.0,2.07
7410,0.49,0.0,2.07
7420,0.49,0.0,2.07
7430,0.49,0.0,2.07
7440,0.49,0.0,2.07
7450,0.49,0.0,2.07
7460,0.49,0.0,2.07
7470,0.49,0.0,2.07
7480,0.49,0.0,2.07
7490,0.49,0.0,2.07
7500,0.51,0.0,2.12
7510,0.51,0.0,2.12
7520,0.51,0.0,2.12
7530,0.51,0.0,2.12
7540,0.51,0.0,2.12
7550,0.51,0.0,2.12
7560,0.51,0.0,2.12
7570,0.51,0.0,2.12
7580,0.51,0.0,2.12
7590,0.51,0.0,2.12
7600,0.51,0.0,2.12
7610,0.51,0.0,2.12
7620,0.51,0.0,2.12
7630,0.51,0.0,2.12
7640,0.51,0.0,2.12
7650,0.51,0.0,2.12
7660,0.51,0.0,2.12
7670,0.51,0.0,2.12
7680,0.51,0.0,2.12
7690,0.51,0.0,2.12
7700,0.51,0.0,2.12
7710,0.51,0.0,2.12
7720,0.51,0.0,2.12
7730,0.51,0.0,2.12
7740,0.51,0.0,2.12
7750,0.51,0.0,2.12
7760,0.51,0.0,2.12
7770,0.51,0.0,2.12
7780,0.51,0.0,2.12
7790,0.51,0.0,2.12
7800,0.51,0.0,2.12
7810,0.51,0.0,2.12
7820,0.51,0.0,2.12
7830,0.51,0.0,2.12
7840,0.51,0.0,2.12
7850,0.51,0.0,2.12
7860,0.51,0.0,2.12
7870,0.51,0.0,2.12
7880,0.51,0.0,2.12
7890,0.51,0.0,2.12
7900,0.51,0.0,2.12
7910,0.51,0.0,2.12
7920,0.51,0.0,2.12
7930,0.51,0.0,2.12
7940,0.51,0.0,2.12
7950,0.51,0.0,2.12
7960,0.51,0.0,2.12
7970,0.51,0.0,2.12
7980,0.51,0.0,2.12
7990,0.51,0.0,2.12
8000,0.51,0.0,2.12
8010,0.51,0.0,2.12
8020,0.51,0.0,2.12
8030,0.51,0.0,2.12
8040,0.51,0.0,2.12
8050,0.51,0.0,2.12
8060,0.51,0.0,2.12
8070,0.51,0.0,2.12
8080,0.51,0.0,2.12
8090,0.51,0.0,2.12
8100,0.51,0.0,2.12
8110,0.51,0.0,2.12
8120,0.51,0.0,2.12
8130,0.51,0.0,2.12
8140,0.51,0.0,2.12
8150,0.51,0.0,2.12
8160,0.51,0.0,2.12
8170,0.51,0.0,2.12
8180,0.51,0.0,2.12
8190,0.51,0.0,2.12
8200,0.51,0.0,2.12
8210,0.51,0.0,2.12
8220,0.51,0.0,2.12
8230,0.51,0.0,2.12
8240,0.51,0.0,2.12
8250,0.51,0.0,2.12
8260,0.51,0.0,2.12
8270,0.51,0.0,2.12
8280,0.51,0.0,2.12
8290,0.51,0.0,2.12
8300,0.51,0.0,2.12
8310,0.51,0.0,2.12
8320,0.51,0.0,2.12
8330,0.51,0.0,2.12
8340,0.51,0.0,2.12
8350,0.51,0.0,2.12
8360,0.51,0.0,2.12
8370,0.51,0.0,2.12
8380,0.51,0.0,2.12
8390,0.51,0.0,2.12
8400,0.51,0.0,2.12
8410,0.51,0.0,2.12
8420,0.51,0.0,2.12
8430,0.51,0.0,2.12
8440,0.51,0.0,2.12
8450,0.51,0.0,2.12
8460,0.51,0.0,2.12
8470,0.51,0.0,2.12
8480,0.51,0.0,2.12
8490,0.51,0.0,2.12
8500,0.51,0.0,2.12
8510,0.51,0.0,2.12
8520,0.51,0.0,2.12
8530,0.51,0.0,2.12
8540,0.51,0.0,2.12
8550,0.51,0.0,2.12
8560,0.51,0.0,2.12
8570,0.51,0.0,2.12
8580,0.51,0.0,2.12
8590,0.51,0.0,2.12
8600,0.51,0.0,2.12
8610,0.51,0.0,2.12
8620,0.51,0.0,2.12
8630,0.51,0.0,2.12
8640,0.51,0.0,2.12
8650,0.51,0.0,2.12
8660,0.51,0.0,2.12
8670,0.51,0.0,2.12
8680,0.51,0.0,2.12
8690,0.51,0.0,2.12
8700,0.51,0.0,2.12
8710,0.51,0.0,2.12
8720,0.51,0.0,2.12
8730,0.51,0.0,2.12
8740,0.51,0.0,2.12
8750,0.51,0.0,2.12
8760,0.51,0.0,2.12
8770,0.51,0.0,2.12
8780,0.51,0.0,2.12
8790,0.51,0.0,2.12
8800,0.69,0.0,2.21
8810,0.69,0.0,2.21
8820,0.69,0.0,2.21
8830,0.69,0.0,2.21
8840,0.69,0.0,2.21
8850,0.69,0.0,2.21
8860,0.69,0.0,2.21
8870,0.69,0.0,2.21
8880,0.69,0.0,2.21
8890,0.69,0.0,2.21
8900,0.69,0.0,2.21
8910,0.69,0.0,2.21
8920,0.69,0.0,2.21
8930,0.69,0.0,2.21
8940,0.69,0.0,2.21
8950,0.69,0.0,2.25
8960,0.69,0.0,2.25
8970,0.69,0.0,2.25
8980,0.69,0.0,2.25
8990,0.69,0.0,2.25
9000,0.69,0.0,2.25
9010,0.69,0.0,2.25
9020,0.69,0.0,2.25
9030,0.69,0.0,2.25
9040,0.69,0.0,2.25
9050,0.69,0.0,2.25
9060,0.69,0.0,2.25
9070,0.69,0.0,2.25
9080,0.69,0.0,2.25
9090,0.69,0.0,2.25
9100,0.69,0.0,2.25
9110,0.69,0.0,2.25
9120,0.69,0.0,2.25
9130,0.69,0.0,2.25
9140,0.69,0.0,2.25
9150,0.69,0.0,2.25
9160,0.69,0.0,2.25
9170,0.69,0.0,2.25
9180,0.69,0.0,2.25
9190,0.69,0.0,2.25
9200,0.69,0.0,2.25
9210,0.69,0.0,2.25
9220,0.69,0.0,2.25
9230,0.69,0.0,2.25
9240,0.69,0.0,2.25
9250,0.69,0.0,2.25
9260,0.69,0.0,2.25
9270,0.69,0.0,2.25
9280,0.69,0.0,2.25
9290,0.69,0.0,2.25
9300,0.69,0.0,2.25
9310,0.69,0.0,2.25
9320,0.69,0.0,2.25
9330,0.69,0.0,2.25
9340,0.69,0.0,2.25
9350,0.69,0.0,2.25
9360,0.69,0.0,2.25
9370,0.69,0.0,2.25
9380,0.69,0.0,2.25
9390,0.69,0.0,2.25
9400,0.69,0.0,2.25
9410,0.69,0.0,2.25
9420,0.69,0.0,2.25
9430,0.69,0.0,2.25
9440,0.69,0.0,2.25
9450,0.69,0.0,2.25
9460,0.69,0.0,2.25
9470,0.69,0.0,2.25
9480,0.69,0.0,2.25
9490,0.69,0.0,2.25
9500,0.69,0.0,2.25
9510,0.69,0.0,2.25
9520,0.69,0.0,2.25
9530,0.69,0.0,2.25
9540,0.69,0.0,2.25
9550,0.69,0.0,2.25
9560,0.69,0.0,2.25
9570,0.69,0.0,2.25
9580,0.69,0.0,2.25
9590,0.69,0.0,2.25
9600,0.69,0.0,2.25
9610,0.69,0.0,2.25
9620,0.69,0.0,2.25
9630,0.69,0.0,2.25
9640,0.69,0.0,2.25
9650,0.69,0.0,2.25
9660,0.69,0.0,2.25
9670,0.69,0.0,2.25
9680,0.69,0.0,2.25
9690,0.69,0.0,2.25
9700,0.69,0.0,2.25
9710,0.69,0.0,2.25
9720,0.69,0.0,2.25
9730,0.69,0.0,2.25
9740,0.69,0.0,2.25
9750,0.69,0.0,2.25
9760,0.69,0.0,2.25
9770,0.69,0.0,2.25
9780,0.69,0.0,2.25
9790,0.69,0.0,2.25
9800,0.82,0.0,2.35
9810,0.82,0.0,2.35
9820,0.82,0.0,2.35
9830,0.82,0.0,2.35
9840,0.82,0.0,2.35
9850,0.82,0.0,2.35
9860,0.82,0.0,2.35
9870,0.82,0.0,2.35
9880,0.82,0.0,2.35
9890,0.82,0.0,2.35
9900,0.82,0.0,2.35
9910,0.82,0.0,2.35
9920,0.82,0.0,2.35
9930,0.82,0.0,2.35
9940,0.82,0.0,2.35
9950,0.82,0.0,2.35
9960,0.82,0.0,2.35
9970,0.82,0.0,2.35
9980,0.82,0.0,2.35
9990,0.82,0.0,2.35
10000,0.82,0.0,2.35
10010,0.82,0.0,2.35
10020,0.82,0.0,2.35
10030,0.82,0.0,2.35
10040,0.82,0.0,2.35
10050,0.82,0.0,2.35
10060,0.82,0.0,2.35
10070,0.82,0.0,2.35
10080,0.82,0.0,2.35
10090,0.82,0.0,2.35
10100,0.82,0.0,2.35
10110,0.82,0.0,2.35
10120,0.82,0.0,2.35
10130,0.82,0.0,2.35
10140,0.82,0.0,2.35
10150,0.82,0.0,2.35
10160,0.82,0.0,2.35
10170,0.82,0.0,2.35
10180,0.82,0.0,2.35
10190,0.82,0.0,2.35
10200,0.82,0.0,2.35
10210,0.82,0.0,2.35
10220,0.82,0.0,2.35
10230,0.82,0.0,2.35
10240,0.82,0.0,2.35
10250,0.82,0.0,2.35
10260,0.82,0.0,2.35
10270,0.82,0.0,2.35
10280,0.82,0.0,2.35
10290,0.82,0.0,2.35
10300,0.82,0.0,2.35
10310,0.82,0.0,2.35
10320,0.82,0.0,2.35
10330,0.82,0.0,2.35
10340,0.82,0.0,2.35
10350,0.82,0.0,2.35
10360,0.82,0.0,2.35
10370,0.82,0.0,2.35
10380,0.82,0.0,2.35
10390,0.82,0.0,2.35
10400,0.82,0.0,2.35
10410,0.82,0.0,2.35
10420,0.82,0.0,2.35
10430,0.82,0.0,2.35
10440,0.82,0.0,2.35
10450,0.82,0.0,2.35
10460,0.82,0.0,2.35
10470,0.82,0.0,2.35
10480,0.82,0.0,2.35
10490,0.82,0.0,2.35
10500,0.82,0.0,2.35
10510,0.82,0.0,2.35
10520,0.82,0.0,2.35
10530,0.82,0.0,2.35
10540,0.82,0.0,2.35
10550,0.82,0.0,2.35
10560,0.82,0.0,2.35
10570,0.82,0.0,2.35
10580,0.82,0.0,2.35
10590,0.82,0.0,2.35
10600,0.82,0.0,2.35
10610,0.82,0.0,2.35
10620,0.82,0.0,2.35
10630,0.82,0.0,2.35
10640,0.82,0.0,2.35
10650,0.82,0.0,2.35
10660,0.82,0.0,2.35
10670,0.82,0.0,2.35
10680,0.82,0.0,2.35
10690,0.82,0.0,2.35
10700,0.82,0.0,2.35
10710,0.82,0.0,2.35
10720,0.82,0.0,2.35
10730,0.82,0.0,2.35
10740,0.82,0.0,2.35
10750,0.82,0.0,2.35
10760,0.82,0.0,2.35
10770,0.82,0.0,2.35
10780,0.82,0.0,2.35
10790,0.82,0.0,2.35
10800,0.82,0.0,2.35
10810,0.82,0.0,2.35
10820,0.82,0.0,2.35
10830,0.82,0.0,2.35
10840,0.82,0.0,2.35
10850,0.82,0.0,2.35
10860,0.82,0.0,2.35
10870,0.82,0.0,2.35
10880,0.82,0.0,2.35
10890,0.82,0.0,2.35
10900,0.82,0.0,2.35
10910,0.82,0.0,2.35
10920,0.82,0.0,2.35
10930,0.82,0.0,2.35
10940,0.82,0.0,2.35
10950,0.82,0.0,2.35
10960,0.82,0.0,2.35
10970,0.82,0.0,2.35
10980,0.82,0.0,2.35
10990,0.82,0.0,2.35
11000,0.84,0.0,2.45
11010,0.84,0.0,2.45
11020,0.84,0.0,2.45
11030,0.84,0.0,2.45
11040,0.84,0.0,2.45
11050,0.84,0.0,2.45
11060,0.84,0.0,2.45
11070,0.84,0.0,2.45
11080,0.84,0.0,2.45
11090,0.84,0.0,2.45
11100,0.84,0.0,2.45
11110,0.84,0.0,2.45
11120,0.84,0.0,2.45
11130,0.84,0.0,2.45
11140,0.84,0.0,2.45
11150,0.84,0.0,2.45
11160,0.84,0.0,2.45
11170,0.84,0.0,2.45
11180,0.84,0.0,2.45
11190,0.84,0.0,2.45
11200,0.84,0.0,2.45
11210,0.84,0.0,2.45
11220,0.84,0.0,2.45
11230,0.84,0.0,2.45
11240,0.84,0.0,2.45
11250,0.84,0.0,2.45
11260,0.84,0.0,2.45
11270,0.84,0.0,2.45
11280,0.84,0.0,2.45
11290,0.84,0.0,2.45
11300,0.84,0.0,2.45
11310,0.84,0.0,2.45
11320,0.84,0.0,2.45
11330,0.84,0.0,2.45
11340,0.84,0.0,2.45
11350,0.84,0.0,2.45
11360,0.84,0.0,2.45
11370,0.84,0.0,2.45
11380,0.84,0.0,2.45
11390,0.84,0.0,2.45
11400,0.84,0.0,2.45
11410,0.84,0.0,2.45
11420,0.84,0.0,2.45
11430,0.84,0.0,2.45
11440,0.84,0.0,2.45
11450,0.84,0.0,2.45
11460,0.84,0.0,2.45
11470,0.84,0.0,2.45
11480,0.84,0.0,2.45
11490,0.84,0.0,2.45
11500,0.84,0.0,2.5
11510,0.84,0.0,2.5
11520,0.84,0.0,2.5
11530,0.84,0.0,2.5
11540,0.84,0.0,2.5
11550,0.84,0.0,2.5
11560,0.84,0.0,2.5
11570,0.84,0.0,2.5
11580,0.84,0.0,2.5
11590,0.84,0.0,2.5
11600,0.84,0.0,2.5
11610,0.84,0.0,2.5
11620,0.84,0.0,2.5
11630,0.84,0.0,2.5
11640,0.84,0.0,2.5
11650,0.84,0.0,2.5
11660,0.84,0.0,2.5
11670,0.84,0.0,2.5
11680,0.84,0.0,2.5
11690,0.84,0.0,2.5
11700,0.84,0.0,2.5
11710,0.84,0.0,2.5
11720,0.84,0.0,2.5
11730,0.84,0.0,2.5
11740,0.84,0.0,2.5
11750,0.84,0.0,2.5
11760,0.84,0.0,2.5
11770,0.84,0.0,2.5
11780,0.84,0.0,2.5
11790,0.84,0.0,2.5
11800,0.84,0.0,2.5
11810,0.84,0.0,2.5
11820,0.84,0.0,2.5
11830,0.84,0.0,2.5
11840,0.84,0.0,2.5
11850,0.84,0.0,2.5
11860,0.84,0.0,2.5
11870,0.84,0.0,2.5
11880,0.84,0.0,2.5
11890,0.84,0.0,2.5
11900,0.84,0.0,2.5
11910,0.84,0.0,2.5
11920,0.84,0.0,2.5
11930,0.84,0.0,2.5
11940,0.84,0.0,2.5
11950,0.84,0.0,2.5
11960,0.84,0.0,2.5
11970,0.84,0.0,2.5
11980,0.84,0.0,2.5
11990,0.84,0.0,2.5
12000,0.84,0.0,2.5
12010,0.84,0.0,2.5
12020,0.84,0.0,2.5
12030,0.84,0.0,2.5
12040,0.84,0.0,2.5
12050,0.84,0.0,2.5
12060,0.84,0.0,2.5
12070,0.84,0.0,2.5
12080,0.84,0.0,2.5
12090,0.84,0.0,2.5
12100,0.84,0.0,2.5
12110,0.84,0.0,2.5
12120,0.84,0.0,2.5
12130,0.84,0.0,2.5
12140,0.84,0.0,2.5
12150,0.84,0.0,2.5
12160,0.84,0.0,2.5
12170,0.84,0.0,2.5
12180,0.84,0.0,2.5
12190,0.84,0.0,2.5
12200,0.84,0.0,2.5
12210,0.84,0.0,2.5
12220,0.84,0.0,2.5
12230,0.84,0.0,2.5
12240,0.84,0.0,2.5
12250,0.84,0.0,2.5
12260,0.84,0.0,2.5
12270,0.84,0.0,2.5
12280,0.84,0.0,2.5
12290,0.84,0.0,2.5
12300,0.84,0.0,2.5
12310,0.84,0.0,2.5
12320,0.84,0.0,2.5
12330,0.84,0.0,2.5
12340,0.84,0.0,2.5
12350,0.84,0.0,2.5
12360,0.84,0.0,2.5
12370,0.84,0.0,2.5
12380,0.84,0.0,2.5
12390,0.84,0.0,2.5
12400,0.84,0.0,2.5
12410,0.84,0.0,2.5
12420,0.84,0.0,2.5
12430,0.84,0.0,2.5
12440,0.84,0.0,2.5
12450,0.84,0.0,2.5
12460,0.84,0.0,2.5
12470,0.84,0.0,2.5
12480,0.84,0.0,2.5
12490,0.84,0.0,2.5
12500,0.84,0.0,2.5
12510,0.84,0.0,2.5
12520,0.84,0.0,2.5
12530,0.84,0.0,2.5
12540,0.84,0.0,2.5
12550,0.84,0.0,2.5
12560,0.84,0.0,2.5
12570,0.84,0.0,2.5
12580,0.84,0.0,2.5
12590,0.84,0.0,2.5
12600,0.84,0.0,2.5
12610,0.84,0.0,2.5
12620,0.84,0.0,2.5
12630,0.84,0.0,2.5
12640,0.84,0.0,2.5
12650,0.84,0.0,2.5
12660,0.84,0.0,2.5
12670,0.84,0.0,2.5
12680,0.84,0.0,2.5
12690,0.84,0.0,2.5
12700,0.84,0.0,2.5
12710,0.84,0.0,2.5
12720,0.84,0.0,2.5
12730,0.84,0.0,2.5
12740,0.84,0.0,2.5
12750,0.84,0.0,2.5
12760,0.84,0.0,2.5
12770,0.84,0.0,2.5
12780,0.84,0.0,2.5
12790,0.84,0.0,2.5
12800,0.84,0.0,2.5
12810,0.84,0.0,2.5
12820,0.84,0.0,2.5
12830,0.84,0.0,2.5
12840,0.84,0.0,2.5
12850,0.84,0.0,2.5
12860,0.84,0.0,2.5
12870,0.84,0.0,2.5
12880,0.84,0.0,2.5
12890,0.84,0.0,2.5
12900,0.84,0.0,2.5
12910,0.84,0.0,2.5
12920,0.84,0.0,2.5
12930,0.84,0.0,2.5
12940,0.84,0.0,2.5
12950,0.84,0.0,2.5
12960,0.84,0.0,2.5
12970,0.84,0.0,2.5
12980,0.84,0.0,2.5
12990,0.84,0.0,2.5
13000,0.84,0.0,2.5
13010,0.84,0.0,2.5
13020,0.84,0.0,2.5
13030,0.84,0.0,2.5
13040,0.84,0.0,2.5
13050,0.84,0.0,2.5
13060,0.84,0.0,2.5
13070,0.84,0.0,2.5
13080,0.84,0.0,2.5
13090,0.84,0.0,2.5
13100,0.84,0.0,2.5
13110,0.84,0.0,2.5
13120,0.84,0.0,2.5
13130,0.84,0.0,2.5
13140,0.84,0.0,2.5
13150,0.84,0.0,2.5
13160,0.84,0.0,2.5
13170,0.84,0.0,2.5
13180,0.84,0.0,2.5
13190,0.84,0.0,2.5
13200,0.84,0.0,2.5
13210,0.84,0.0,2.5
13220,0.84,0.0,2.5
13230,0.84,0.0,2.5
13240,0.84,0.0,2.5
13250,0.84,0.0,2.5
13260,0.84,0.0,2.5
13270,0.84,0.0,2.5
13280,0.84,0.0,2.5
13290,0.84,0.0,2.5
13300,0.84,0.0,2.5
13310,0.84,0.0,2.5
13320,0.84,0.0,2.5
13330,0.84,0.0,2.5
13340,0.84,0.0,2.5
13350,0.84,0.0,2.5
13360,0.84,0.0,2.5
13370,0.84,0.0,2.5
13380,0.84,0.0,2.5
13390,0.84,0.0,2.5
13400,0.84,0.0,2.5
13410,0.84,0.0,2.5
13420,0.84,0.0,2.5
13430,0.84,0.0,2.5
13440,0.84,0.0,2.5
13450,0.84,0.0,2.5
13460,0.84,0.0,2.5
13470,0.84,0.0,2.5
13480,0.84,0.0,2.5
13490,0.84,0.0,2.5
13500,0.84,0.0,2.55
13510,0.84,0.0,2.55
13520,0.84,0.0,2.55
13530,0.84,0.0,2.55
13540,0.84,0.0,2.55
13550,0.84,0.0,2.55
13560,0.84,0.0,2.55
13570,0.84,0.0,2.55
13580,0.84,0.0,2.55
13590,0.84,0.0,2.55
13600,0.84,0.0,2.55
13610,0.84,0.0,2.55
13620,0.84,0.0,2.55
13630,0.84,0.0,2.55
13640,0.84,0.0,2.55
13650,0.84,0.0,2.55
13660,0.84,0.0,2.55
13670,0.84,0.0,2.55
13680,0.84,0.0,2.55
13690,0.84,0.0,2.55
13700,0.84,0.0,2.55
13710,0.84,0.0,2.55
13720,0.84,0.0,2.55
13730,0.84,0.0,2.55
13740,0.84,0.0,2.55
13750,0.84,0.0,2.55
13760,0.84,0.0,2.55
13770,0.84,0.0,2.55
13780,0.84,0.0,2.55
13790,0.84,0.0,2.55
13800,0.84,0.0,2.55
13810,0.84,0.0,2.55
13820,0.84,0.0,2.55
13830,0.84,0.0,2.55
13840,0.84,0.0,2.55
13850,0.84,0.0,2.55
13860,0.84,0.0,2.55
13870,0.84,0.0,2.55
13880,0.84,0.0,2.55
13890,0.84,0.0,2.55
13900,0.84,0.0,2.55
13910,0.84,0.0,2.55
13920,0.84,0.0,2.55
13930,0.84,0.0,2.55
13940,0.84,0.0,2.55
13950,0.84,0.0,2.55
13960,0.84,0.0,2.55
13970,0.84,0.0,2.55
13980,0.84,0.0,2.55
13990,0.84,0.0,2.55
14000,0.84,0.0,2.55
14010,0.84,0.0,2.55
14020,0.84,0.0,2.55
14030,0.84,0.0,2.55
14040,0.84,0.0,2.55
14050,0.84,0.0,2.55
14060,0.84,0.0,2.55
14070,0.84,0.0,2.55
14080,0.84,0.0,2.55
14090,0.84,0.0,2.55
14100,0.84,0.0,2.55
14110,0.84,0.0,2.55
14120,0.84,0.0,2.55
14130,0.84,0.0,2.55
14140,0.84,0.0,2.55
14150,0.84,0.0,2.55
14160,0.84,0.0,2.55
14170,0.84,0.0,2.55
14180,0.84,0.0,2.55
14190,0.84,0.0,2.55
14200,0.84,0.0,2.55
14210,0.84,0.0,2.55
14220,0.84,0.0,2.55
14230,0.84,0.0,2.55
14240,0.84,0.0,2.55
14250,0.84,0.0,2.55
14260,0.84,0.0,2.55
14270,0.84,0.0,2.55
14280,0.84,0.0,2.55
14290,0.84,0.0,2.55
14300,0.84,0.0,2.55
14310,0.84,0.0,2.55
14320,0.84,0.0,2.55
14330,0.84,0.0,2.55
14340,0.84,0.0,2.55
14350,0.84,0.0,2.55
14360,0.84,0.0,2.55
14370,0.84,0.0,2.55
14380,0.84,0.0,2.55
14390,0.84,0.0,2.55
14400,0.84,0.0,2.55
14410,0.84,0.0,2.55
14420,0.84,0.0,2.55
14430,0.84,0.0,2.55
14440,0.84,0.0,2.55
14450,0.84,0.0,2.55
14460,0.84,0.0,2.55
14470,0.84,0.0,2.55
14480,0.84,0.0,2.55
14490,0.84,0.0,2.55
14500,0.84,0.0,2.55
14510,0.84,0.0,2.55
14520,0.84,0.0,2.55
14530,0.84,0.0,2.55
14540,0.84,0.0,2.55
14550,0.84,0.0,2.55
14560,0.84,0.0,2.55
14570,0.84,0.0,2.55
14580,0.84,0.0,2.55
14590,0.84,0.0,2.55
14600,0.84,0.0,2.55
14610,0.84,0.0,2.55
14620,0.84,0.0,2.55
14630,0.84,0.0,2.55
14640,0.84,0.0,2.55
14650,0.84,0.0,2.55
14660,0.84,0.0,2.55
14670,0.84,0.0,2.55
14680,0.84,0.0,2.55
14690,0.84,0.0,2.55
14700,0.84,0.0,2.55
14710,0.84,0.0,2.55
14720,0.84,0.0,2.55
14730,0.84,0.0,2.55
14740,0.84,0.0,2.55
14750,0.84,0.0,2.55
14760,0.84,0.0,2.55
14770,0.84,0.0,2.55
14780,0.84,0.0,2.55
14790,0.84,0.0,2.55
14800,0.84,0.0,2.55
14810,0.84,0.0,2.55
14820,0.84,0.0,2.55
14830,0.84,0.0,2.55
14840,0.84,0.0,2.55
14850,0.84,0.0,2.55
14860,0.84,0.0,2.55
14870,0.84,0.0,2.55
14880,0.84,0.0,2.55
14890,0.84,0.0,2.55
14900,0.84,0.0,2.55
14910,0.84,0.0,2.55
14920,0.84,0.0,2.55
14930,0.84,0.0,2.55
14940,0.84,0.0,2.55
14950,0.84,0.0,2.55
14960,0.84,0.0,2.55
14970,0.84,0.0,2.55
14980,0.84,0.0,2.55
14990,0.84,0.0,2.55
15000,0.84,0.0,2.55
15010,0.84,0.0,2.55
15020,0.84,0.0,2.55
15030,0.84,0.0,2.55
15040,0.84,0.0,2.55
15050,0.84,0.0,2.55
15060,0.84,0.0,2.55
15070,0.84,0.0,2.55
15080,0.84,0.0,2.55
15090,0.84,0.0,2.55
15100,0.84,0.0,2.55
15110,0.84,0.0,2.55
15120,0.84,0.0,2.55
15130,0.84,0.0,2.55
15140,0.84,0.0,2.55
15150,0.84,0.0,2.55
15160,0.84,0.0,2.55
15170,0.84,0.0,2.55
15180,0.84,0.0,2.55
15190,0.84,0.0,2.55
15200,0.84,0.0,2.55
15210,0.84,0.0,2.55
15220,0.84,0.0,2.55
15230,0.84,0.0,2.55
15240,0.84,0.0,2.55
15250,0.84,0.0,2.55
15260,0.84,0.0,2.55
15270,0.84,0.0,2.55
15280,0.84,0.0,2.55
15290,0.84,0.0,2.55
15300,0.84,0.0,2.55
15310,0.84,0.0,2.55
15320,0.84,0.0,2.55
15330,0.84,0.0,2.55
15340,0.84,0.0,2.55
15350,0.84,0.0,2.55
15360,0.84,0.0,2.55
15370,0.84,0.0,2.55
15380,0.84,0.0,2.55
15390,0.84,0.0,2.55
15400,0.84,0.0,2.55
15410,0.84,0.0,2.55
15420,0.84,0.0,2.55
15430,0.84,0.0,2.55
15440,0.84,0.0,2.55
15450,0.84,0.0,2.55
15460,0.84,0.0,2.55
15470,0.84,0.0,2.55
15480,0.84,0.0,2.55
15490,0.84,0.0,2.55
15500,0.84,0.0,2.55
15510,0.84,0.0,2.55
15520,0.84,0.0,2.55
15530,0.84,0.0,2.55
15540,0.84,0.0,2.55
15550,0.84,0.0,2.55
15560,0.84,0.0,2.55
15570,0.84,0.0,2.55
15580,0.84,0.0,2.55
15590,0.84,0.0,2.55
15600,0.84,0.0,2.55
15610,0.84,0.0,2.55
15620,0.84,0.0,2.55
15630,0.84,0.0,2.55
15640,0.84,0.0,2.55
15650,0.84,0.0,2.55
15660,0.84,0.0,2.55
15670,0.84,0.0,2.55
15680,0.84,0.0,2.55
15690,0.84,0.0,2.55
15700,0.84,0.0,2.55
15710,0.84,0.0,2.55
15720,0.84,0.0,2.55
15730,0.84,0.0,2.55
15740,0.84,0.0,2.55
15750,0.84,0.0,2.55
15760,0.84,0.0,2.55
15770,0.84,0.0,2.55
15780,0.84,0.0,2.55
15790,0.84,0.0,2.55
15800,0.84,0.0,2.55
15810,0.84,0.0,2.55
15820,0.84,0.0,2.55
15830,0.84,0.0,2.55
15840,0.84,0.0,2.55
15850,0.84,0.0,2.55
15860,0.84,0.0,2.55
15870,0.84,0.0,2.55
15880,0.84,0.0,2.55
15890,0.84,0.0,2.55
15900,0.84,0.0,2.55
15910,0.84,0.0,2.55
15920,0.84,0.0,2.55
15930,0.84,0.0,2.55
15940,0.84,0.0,2.55
15950,0.84,0.0,2.55
15960,0.84,0.0,2.55
15970,0.84,0.0,2.55
15980,0.84,0.0,2.55
15990,0.84,0.0,2.55
16000,0.84,0.0,2.55
16010,0.84,0.0,2.55
16020,0.84,0.0,2.55
16030,0.84,0.0,2.55
16040,0.84,0.0,2.55
16050,0.84,0.0,2.55
16060,0.84,0.0,2.55
16070,0.84,0.0,2.55
16080,0.84,0.0,2.55
16090,0.84,0.0,2.55
16100,0.84,0.0,2.55
16110,0.84,0.0,2.55
16120,0.84,0.0,2.55
16130,0.84,0.0,2.55
16140,0.84,0.0,2.55
16150,0.84,0.0,2.55
16160,0.84,0.0,2.55
16170,0.84,0.0,2.55
16180,0.84,0.0,2.55
16190,0.84,0.0,2.55
16200,0.84,0.0,2.55
16210,0.84,0.0,2.55
16220,0.84,0.0,2.55
16230,0.84,0.0,2.55
16240,0.84,0.0,2.55
16250,0.84,0.0,2.55
16260,0.84,0.0,2.55
16270,0.84,0.0,2.55
16280,0.84,0.0,2.55
16290,0.84,0.0,2.55
16300,0.84,0.0,2.55
16310,0.84,0.0,2.55
16320,0.84,0.0,2.55
16330,0.84,0.0,2.55
16340,0.84,0.0,2.55
16350,0.84,0.0,2.55
16360,0.84,0.0,2.55
16370,0.84,0.0,2.55
16380,0.84,0.0,2.55
16390,0.84,0.0,2.55
16400,0.84,0.0,2.55
16410,0.84,0.0,2.55
16420,0.84,0.0,2.55
16430,0.84,0.0,2.55
16440,0.84,0.0,2.55
16450,0.84,0.0,2.55
16460,0.84,0.0,2.55
16470,0.84,0.0,2.55
16480,0.84,0.0,2.55
16490,0.84,0.0,2.55
16500,0.84,0.0,2.55
16510,0.84,0.0,2.55
16520,0.84,0.0,2.55
16530,0.84,0.0,2.55
16540,0.84,0.0,2.55
16550,0.84,0.0,2.55
16560,0.84,0.0,2.55
16570,0.84,0.0,2.55
16580,0.84,0.0,2.55
16590,0.84,0.0,2.55
16600,0.84,0.0,2.55
16610,0.84,0.0,2.55
16620,0.84,0.0,2.55
16630,0.84,0.0,2.55
16640,0.84,0.0,2.55
16650,0.84,0.0,2.55
16660,0.84,0.0,2.55
16670,0.84,0.0,2.55
16680,0.84,0.0,2.55
16690,0.84,0.0,2.55
16700,0.84,0.0,2.55
16710,0.84,0.0,2.55
16720,0.84,0.0,2.55
16730,0.84,0.0,2.55
16740,0.84,0.0,2.55
16750,0.84,0.0,2.55
16760,0.84,0.0,2.55
16770,0.84,0.0,2.55
16780,0.84,0.0,2.55
16790,0.84,0.0,2.55
16800,0.84,0.0,2.55
16810,0.84,0.0,2.55
16820,0.84,0.0,2.55
16830,0.84,0.0,2.55
16840,0.84,0.0,2.55
16850,0.84,0.0,2.55
16860,0.84,0.0,2.55
16870,0.84,0.0,2.55
16880,0.84,0.0,2.55
16890,0.84,0.0,2.55
16900,0.84,0.0,2.55
16910,0.84,0.0,2.55
16920,0.84,0.0,2.55
16930,0.84,0.0,2.55
16940,0.84,0.0,2.55
16950,0.84,0.0,2.55
16960,0.84,0.0,2.55
16970,0.84,0.0,2.55
16980,0.84,0.0,2.55
16990,0.84,0.0,2.55
17000,0.84,0.0,2.55
17010,0.84,0.0,2.55
17020,0.84,0.0,2.55
17030,0.84,0.0,2.55
17040,0.84,0.0,2.55
17050,0.84,0.0,2.55
17060,0.84,0.0,2.55
17070,0.84,0.0,2.55
17080,0.84,0.0,2.55
17090,0.84,0.0,2.55
17100,0.84,0.0,2.55
17110,0.84,0.0,2.55
17120,0.84,0.0,2.55
17130,0.84,0.0,2.55
17140,0.84,0.0,2.55
17150,0.84,0.0,2.55
17160,0.84,0.0,2.55
17170,0.84,0.0,2.55
17180,0.84,0.0,2.55
17190,0.84,0.0,2.55
17200,0.84,0.0,2.55
17210,0.84,0.0,2.55
17220,0.84,0.0,2.55
17230,0.84,0.0,2.55
17240,0.84,0.0,2.55
17250,0.84,0.0,2.55
17260,0.84,0.0,2.55
17270,0.84,0.0,2.55
17280,0.84,0.0,2.55
17290,0.84,0.0,2.55
17300,0.84,0.0,2.55
17310,0.84,0.0,2.55
17320,0.84,0.0,2.55
17330,0.84,0.0,2.55
17340,0.84,0.0,2.55
17350,0.84,0.0,2.55
17360,0.84,0.0,2.55
17370,0.84,0.0,2.55
17380,0.84,0.0,2.55
17390,0.84,0.0,2.55
17400,0.84,0.0,2.55
17410,0.84,0.0,2.55
17420,0.84,0.0,2.55
17430,0.84,0.0,2.55
17440,0.84,0.0,2.55
17450,0.84,0.0,2.55
17460,0.84,0.0,2.55
17470,0.84,0.0,2.55
17480,0.84,0.0,2.55
17490,0.84,0.0,2.55
17500,0.84,0.0,2.55
17510,0.84,0.0,2.55
17520,0.84,0.0,2.55
17530,0.84,0.0,2.55
17540,0.84,0.0,2.55
17550,0.84,0.0,2.55
17560,0.84,0.0,2.55
17570,0.84,0.0,2.55
17580,0.84,0.0,2.55
17590,0.84,0.0,2.55
17600,0.84,0.0,2.55
17610,0.84,0.0,2.55
17620,0.84,0.0,2.55
17630,0.84,0.0,2.55
17640,0.84,0.0,2.55
17650,0.84,0.0,2.55
17660,0.84,0.0,2.55
17670,0.84,0.0,2.55
17680,0.84,0.0,2.55
17690,0.84,0.0,2.55
17700,0.84,0.0,2.55
17710,0.84,0.0,2.55
17720,0.84,0.0,2.55
17730,0.84,0.0,2.55
17740,0.84,0.0,2.55
17750,1.01,0.0,2.6
17760,1.01,0.0,2.6
17770,1.01,0.0,2.6
17780,1.01,0.0,2.6
17790,1.01,0.0,2.6
17800,1.01,0.0,2.6
17810,1.01,0.0,2.6
17820,1.01,0.0,2.6
17830,1.01,0.0,2.6
17840,1.01,0.0,2.6
17850,1.01,0.0,2.6
17860,1.01,0.0,2.6
17870,1.01,0.0,2.6
17880,1.01,0.0,2.6
17890,1.01,0.0,2.6
17900,1.01,0.0,2.6
17910,1.01,0.0,2.6
17920,1.01,0.0,2.6
17930,1.01,0.0,2.6
17940,1.01,0.0,2.6
17950,1.01,0.0,2.6
17960,1.01,0.0,2.6
17970,1.01,0.0,2.6
17980,1.01,0.0,2.6
17990,1.01,0.0,2.6
18000,1.01,0.0,2.6
18010,1.01,0.0,2.6
18020,1.01,0.0,2.6
18030,1.01,0.0,2.6
18040,1.01,0.0,2.6
18050,1.01,0.0,2.6
18060,1.01,0.0,2.6
18070,1.01,0.0,2.6
18080,1.01,0.0,2.6
18090,1.01,0.0,2.6
18100,1.01,0.0,2.6
18110,1.01,0.0,2.6
18120,1.01,0.0,2.6
18130,1.01,0.0,2.6
18140,1.01,0.0,2.6
18150,1.01,0.0,2.6
18160,1.01,0.0,2.6
18170,1.01,0.0,2.6
18180,1.01,0.0,2.6
18190,1.01,0.0,2.6
18200,1.01,0.0,2.6
18210,1.01,0.0,2.6
18220,1.01,0.0,2.6
18230,1.01,0.0,2.6
18240,1.01,0.0,2.6
18250,1.01,0.0,2.6
18260,1.01,0.0,2.6
18270,1.01,0.0,2.6
18280,1.01,0.0,2.6
18290,1.01,0.0,2.6
18300,1.01,0.0,2.6
18310,1.01,0.0,2.6
18320,1.01,0.0,2.6
18330,1.01,0.0,2.6
18340,1.01,0.0,2.6
18350,1.01,0.0,2.6
18360,1.01,0.0,2.6
18370,1.01,0.0,2.6
18380,1.01,0.0,2.6
18390,1.01,0.0,2.6
18400,1.01,0.0,2.6
18410,1.01,0.0,2.6
18420,1.01,0.0,2.6
18430,1.01,0.0,2.6
18440,1.01,0.0,2.6
18450,1.01,0.0,2.6
18460,1.01,0.0,2.6
18470,1.01,0.0,2.6
18480,1.01,0.0,2.6
18490,1.01,0.0,2.6
18500,1.01,0.0,2.6
18510,1.01,0.0,2.6
18520,1.01,0.0,2.6
18530,1.01,0.0,2.6
18540,1.01,0.0,2.6
18550,1.01,0.0,2.6
18560,1.01,0.0,2.6
18570,1.01,0.0,2.6
18580,1.01,0.0,2.6
18590,1.01,0.0,2.6
18600,1.01,0.0,2.6
18610,1.01,0.0,2.6
18620,1.01,0.0,2.6
18630,1.01,0.0,2.6
18640,1.01,0.0,2.6
18650,1.01,0.0,2.6
18660,1.01,0.0,2.6
18670,1.01,0.0,2.6
18680,1.01,0.0,2.6
18690,1.01,0.0,2.6
18700,1.01,0.0,2.6
18710,1.01,0.0,2.6
18720,1.01,0.0,2.6
18730,1.01,0.0,2.6
18740,1.01,0.0,2.6
18750,1.01,0.0,2.6
18760,1.01,0.0,2.6
18770,1.01,0.0,2.6
18780,1.01,0.0,2.6
18790,1.01,0.0,2.6
18800,1.01,0.0,2.6
18810,1.01,0.0,2.6
18820,1.01,0.0,2.6
18830,1.01,0.0,2.6
18840,1.01,0.0,2.6
18850,1.01,0.0,2.6
18860,1.01,0.0,2.6
18870,1.01,0.0,2.6
18880,1.01,0.0,2.6
18890,1.01,0.0,2.6
18900,1.01,0.0,2.6
18910,1.01,0.0,2.6
18920,1.01,0.0,2.6
18930,1.01,0.0,2.6
18940,1.01,0.0,2.6
18950,1.01,0.0,2.6
18960,1.01,0.0,2.6
18970,1.01,0.0,2.6
18980,1.01,0.0,2.6
18990,1.01,0.0,2.6
19000,1.01,0.0,2.6
19010,1.01,0.0,2.6
19020,1.01,0.0,2.6
19030,1.01,0.0,2.6
19040,1.01,0.0,2.6
19050,1.01,0.0,2.6
19060,1.01,0.0,2.6
19070,1.01,0.0,2.6
19080,1.01,0.0,2.6
19090,1.01,0.0,2.6
19100,1.01,0.0,2.6
19110,1.01,0.0,2.6
19120,1.01,0.0,2.6
19130,1.01,0.0,2.6
19140,1.01,0.0,2.6
19150,1.01,0.0,2.6
19160,1.01,0.0,2.6
19170,1.01,0.0,2.6
19180,1.01,0.0,2.6
19190,1.01,0.0,2.6
19200,1.01,0.0,2.6
19210,1.01,0.0,2.6
19220,1.01,0.0,2.6
19230,1.01,0.0,2.6
19240,1.01,0.0,2.6
19250,1.01,0.0,2.6
19260,1.01,0.0,2.6
19270,1.01,0.0,2.6
19280,1.01,0.0,2.6
19290,1.01,0.0,2.6
19300,1.01,0.0,2.6
19310,1.01,0.0,2.6
19320,1.01,0.0,2.6
19330,1.01,0.0,2.6
19340,1.01,0.0,2.6
19350,1.01,0.0,2.6
19360,1.01,0.0,2.6
19370,1.01,0.0,2.6
19380,1.01,0.0,2.6
19390,1.01,0.0,2.6
19400,1.01,0.0,2.6
19410,1.01,0.0,2.6
19420,1.01,0.0,2.6
19430,1.01,0.0,2.6
19440,1.01,0.0,2.6
19450,1.01,0.0,2.6
19460,1.01,0.0,2.6
19470,1.01,0.0,2.6
19480,1.01,0.0,2.6
19490,1.01,0.0,2.6
19500,1.01,0.0,2.6
19510,1.01,0.0,2.6
19520,1.01,0.0,2.6
19530,1.01,0.0,2.6
19540,1.01,0.0,2.6
19550,1.01,0.0,2.6
19560,1.01,0.0,2.6
19570,1.01,0.0,2.6
19580,1.01,0.0,2.6
19590,1.01,0.0,2.6
19600,1.01,0.0,2.6
19610,1.01,0.0,2.6
19620,1.01,0.0,2.6
19630,1.01,0.0,2.6
19640,1.01,0.0,2.6
19650,1.01,0.0,2.6
19660,1.01,0.0,2.6
19670,1.01,0.0,2.6
19680,1.01,0.0,2.6
19690,1.01,0.0,2.6
19700,1.01,0.0,2.6
19710,1.01,0.0,2.6
19720,1.01,0.0,2.6
19730,1.01,0.0,2.6
19740,1.01,0.0,2.6
19750,1.01,0.0,2.6
19760,1.01,0.0,2.6
19770,1.01,0.0,2.6
19780,1.01,0.0,2.6
19790,1.01,0.0,2.6
19800,1.01,0.0,2.6
19810,1.01,0.0,2.6
19820,1.01,0.0,2.6
19830,1.01,0.0,2.6
19840,1.01,0.0,2.6
19850,1.01,0.0,2.6
19860,1.01,0.0,2.6
19870,1.01,0.0,2.6
19880,1.01,0.0,2.6
19890,1.01,0.0,2.6
19900,1.01,0.0,2.6
19910,1.01,0.0,2.6
19920,1.01,0.0,2.6
19930,1.01,0.0,2.6
19940,1.01,0.0,2.6
19950,1.01,0.0,2.6
19960,1.01,0.0,2.6
19970,1.01,0.0,2.6
19980,1.01,0.0,2.6
19990,1.01,0.0,2.6
20000,1.01,0.0,2.6
20010,1.01,0.0,2.6
20020,1.01,0.0,2.6
20030,1.01,0.0,2.6
20040,1.01,0.0,2.6
20050,1.01,0.0,2.6
20060,1.01,0.0,2.6
20070,1.01,0.0,2.6
20080,1.01,0.0,2.6
20090,1.01,0.0,2.6
20100,1.01,0.0,2.6
20110,1.01,0.0,2.6
20120,1.01,0.0,2.6
20130,1.01,0.0,2.6
20140,1.01,0.0,2.6
20150,1.01,0.0,2.6
20160,1.01,0.0,2.6
20170,1.01,0.0,2.6
20180,1.01,0.0,2.6
20190,1.01,0.0,2.6
20200,1.01,0.0,2.6
20210,1.01,0.0,2.6
20220,1.01,0.0,2.6
20230,1.01,0.0,2.6
20240,1.01,0.0,2.6
20250,1.01,0.0,2.6
20260,1.01,0.0,2.6
20270,1.01,0.0,2.6
20280,1.01,0.0,2.6
20290,1.01,0.0,2.6
20300,1.01,0.0,2.6
20310,1.01,0.0,2.6
20320,1.01,0.0,2.6
20330,1.01,0.0,2.6
20340,1.01,0.0,2.6
20350,1.01,0.0,2.6
20360,1.01,0.0,2.6
20370,1.01,0.0,2.6
20380,1.01,0.0,2.6
20390,1.01,0.0,2.6
20400,1.01,0.0,2.6
20410,1.01,0.0,2.6
20420,1.01,0.0,2.6
20430,1.01,0.0,2.6
20440,1.01,0.0,2.6
20450,1.01,0.0,2.6
20460,1.01,0.0,2.6
20470,1.01,0.0,2.6
20480,1.01,0.0,2.6
20490,1.01,0.0,2.6
20500,1.01,0.0,2.6
20510,1.01,0.0,2.6
20520,1.01,0.0,2.6
20530,1.01,0.0,2.6
20540,1.01,0.0,2.6
20550,1.01,0.0,2.6
20560,1.01,0.0,2.6
20570,1.01,0.0,2.6
20580,1.01,0.0,2.6
20590,1.01,0.0,2.6
20600,1.01,0.0,2.6
20610,1.01,0.0,2.6
20620,1.01,0.0,2.6
20630,1.01,0.0,2.6
20640,1.01,0.0,2.6
20650,1.01,0.0,2.6
20660,1.01,0.0,2.6
20670,1.01,0.0,2.6
20680,1.01,0.0,2.6
20690,1.01,0.0,2.6
20700,1.01,0.0,2.6
20710,1.01,0.0,2.6
20720,1.01,0.0,2.6
20730,1.01,0.0,2.6
20740,1.01,0.0,2.6
20750,1.01,0.0,2.6
20760,1.01,0.0,2.6
20770,1.01,0.0,2.6
20780,1.01,0.0,2.6
20790,1.01,0.0,2.6
20800,1.01,0.0,2.6
20810,1.01,0.0,2.6
20820,1.01,0.0,2.6
20830,1.01,0.0,2.6
20840,1.01,0.0,2.6
20850,1.01,0.0,2.6
20860,1.01,0.0,2.6
20870,1.01,0.0,2.6
20880,1.01,0.0,2.6
20890,1.01,0.0,2.6
20900,1.01,0.0,2.6
20910,1.01,0.0,2.6
20920,1.01,0.0,2.6
20930,1.01,0.0,2.6
20940,1.01,0.0,2.6
20950,1.01,0.0,2.6
20960,1.01,0.0,2.6
20970,1.01,0.0,2.6
20980,1.01,0.0,2.6
20990,1.01,0.0,2.6
21000,1.01,0.0,2.6
